,answer_first
ski,15
kite,12
cloth,12
travel,12
boat,12
mountain,11
snowboard,11
fly,11
motorcycle,11
skateboard,10
paint,10
cook,10
banana,10
surf,10
seagull,10
car,10
work,10
carrot,10
fish,10
sleep,10
cow,10
eat,10
rose,10
herd,10
laptop,10
apple,10
land,10
glass,9
bear,9
rain,9
light,9
lion,9
train,9
bath,9
potato,9
park,9
computer,9
swim,9
serve,9
tree,9
umbrella,9
dog,9
track,9
microwave,9
duck,9
horse,9
brick,9
take off,9
bake,9
wave,9
tell time,9
tomato,9
shark,8
zebra,8
pilot,8
run,8
tie,8
window,8
fruit,8
lot,8
star,8
race,8
bike,8
fall,8
cardinal,8
elephant,8
passenger,8
orange,8
bird,8
sail,8
tow,8
candle,8
stop,8
ride,7
battery,7
vegetable,7
surfboard,7
clock,7
bat,7
blueberry,7
sparrow,7
fan,7
bed,7
wood,7
rock,7
relax,7
egg,7
cat,7
snow,7
read,7
friend,7
bus,7
canoe,7
girl,7
pitch,7
farm,7
toilet,7
cut,7
chef,7
jump,7
daisy,7
engine,7
tennis ball,7
catch,7
sit,7
hit,7
pigeon,7
truck,7
play,7
dock,7
human,6
tile,6
seed,6
monkey,6
short,6
towel,6
bread,6
lighthouse,6
go,6
horse race,6
steam,6
cell phone,6
herbivore,6
airplane,6
wet suit,6
blanket,6
lamp,6
knife,6
rail,6
parrot,6
spoon,6
van,6
red,6
church,6
backhand,6
shadow,6
student,6
fence,6
city,6
street,6
play video game,6
suit,6
lake,6
glove,6
pirate,6
female,6
cowboy,6
plane,6
double,6
oven,6
flower,6
house,6
clean,6
hot dog,6
spring,6
pole,6
bench,6
watch tv,6
snack,6
teddy bear,6
grape,6
giraffe,6
biplane,6
green,6
float,6
grill,6
paper,6
phone,6
pet,6
lily,6
american,5
couch,5
love,5
vacation,5
blue,5
african,5
healthy,5
ketchup,5
ireland,5
urban,5
diesel,5
park meter,5
cargo,5
refrigerator,5
sprinkle,5
fur,5
12,5
male,5
ticket,5
conductor,5
book,5
dirt bike,5
picnic,5
samuel fox,5
rural,5
beach,5
polo,5
north pole,5
serena williams,5
sand,5
tired,5
tv,5
indian,5
meow,5
pepper,5
old,5
bamboo,5
wimbledon,5
table,5
hawk,5
6,5
fedora,5
suitcase,5
pitcher,5
terrier,5
surf board,5
wet,5
flip phone,5
tea,5
safe,5
cloudy,5
graffiti,5
algae,5
grilled,5
kenya,5
plant,5
remote,5
bicycle,5
football,5
commercial,5
grind,5
jockey,5
5,5
shade,5
puppy,5
taxi,5
heart,5
kickflip,5
cross country,5
downtown,5
fire,5
calf,5
ski lift,5
dark,5
happy,5
million,5
marble,5
catcher,5
commuter,5
television,5
poor,5
sunset,5
chocolate,5
fork,5
windsor,5
highway,5
school,5
longboard,5
spanish,5
stir fry,5
washington dc,5
round,5
wilson,5
private,5
south america,5
good,5
bmw,5
storm,5
21,5
halloween,5
pork,5
desert,5
steve job,5
vitamin c,5
bus stop,5
intersection,5
very,5
southwest,5
300,5
mozzarella,5
neck,5
polyester,5
grizzly,5
french,5
alaska,5
thanksgiving,5
electric,5
1903,5
olive,5
silk,5
striped,5
water ski,5
8,5
coca cola,5
ivory,5
20th,5
united state,5
pug,5
1950,5
time,5
south,5
turkey,5
strawberry,5
picture,5
chicken,5
meat,5
collie,5
alp,5
texas,5
pelican,5
danger,5
hay,5
wild,5
stomach,5
downhill,5
desktop,5
delta,5
outside,5
tour,5
protein,5
bleach,5
30,5
20,5
budweiser,5
bacon,5
caucasian,5
teddy roosevelt,5
library,5
10 years,5
fire hydrant,5
lemon,5
vanilla,5
apartment,5
parasailing,5
canvas,5
circus,5
left,5
batter,5
denim,5
air,5
chihuahua,5
jet,5
queen,5
slide,5
nintendo,5
arabian,5
rectangle,5
olympics,5
iphone,5
real,5
lettuce,5
trash,5
wicker,5
train station,5
walmart,5
polar,5
finch,5
baseball field,5
first base,5
vitamin,5
skate,5
fake,5
checkered,5
octagon,5
fry,5
teddy,5
concrete,5
subway,5
graze,5
boeing,5
ikea,5
bowl,5
helmet,5
roman,5
spinach,5
adidas,5
beagle,5
floral,5
tropical,5
wright brother,5
polyurethane,5
live,5
dog food,5
guitar,5
decoration,5
parakeet,5
bar,5
text,5
crow,5
public,5
broken,5
stripe,5
jackie robinson,5
skate park,5
salt,5
hungry,5
beanie,5
brush teeth,5
asian,5
bulldog,5
yankees,5
geese,5
benjamin franklin,5
rubber,5
wetsuit,5
circle,5
business,5
unhealthy,5
hospital,5
donuts,5
heat,5
robin,5
switzerland,5
cement,5
big ben,5
garden,5
navy,5
clydesdale,5
salad,5
ball,5
lunch,5
scissor,5
cake,5
dalmation,5
gasoline,5
palm,5
camera,5
dine room,5
night,5
hotel,5
labrador,5
stand,5
cheese,5
germany,5
vegetarian,5
broccoli,5
grain,5
3,5
drink,5
tusk,5
rainy,5
bathroom,5
florida,5
tennis,5
blender,5
clay,5
construction,5
wine,5
trailer,5
warm,5
carriage,5
grass,5
meal,5
leaf,5
market,5
brown,5
new york,5
shear,5
donut,5
live room,5
wind,5
frisbee,5
hummingbird,5
safety,5
wool,5
tulip,5
ge,5
beef,5
air force,5
right,5
china,5
luggage,5
breakfast,5
parade,5
gas,5
umpire,5
feline,5
ford,5
sony,5
video game,5
forehand,5
fried,5
garbage,5
glazed,5
1,5
cumulus,5
saddle,5
oak,5
2,5
forest,5
0,5
sweet,5
metal,5
walk,5
antique,5
golden gate,5
north,5
eye,5
illegal,5
potassium,5
dumbo,5
coconut,5
beer,5
aluminum,5
paris,5
river,5
tablet,5
goalie,5
english,5
wed,5
macbook,5
pine,5
afternoon,5
winter,5
black,5
fiberglass,5
christmas,5
kitchen,5
coffee,5
pie,5
italian,5
hot,5
bedroom,5
chinese,5
ocean,5
morn,5
chicago,5
africa,5
harley davidson,5
even,5
plastic,5
nylon,5
sandwich,5
baked,5
sun,5
black and white,5
sunny,5
cat food,5
sheep,5
jean,5
sew,5
white,5
hit ball,5
reflection,5
c,5
steamed,5
lab,5
baby,5
boot,5
cold,5
siamese,5
baseball,5
restaurant,5
office,5
water,5
double decker,5
child,5
stainless steel,5
zoo,5
coal,5
rice,5
italy,5
honda,5
milk,5
england,5
party,5
soccer,5
pizza,5
dinner,5
wii,5
hotdog,5
calico,5
levis,4
bark,4
flour,4
dell,4
german,4
asia,4
storage,4
ice,4
smoothie,4
sick,4
overcast,4
poodle,4
gold,4
4,4
30000 feet,4
army,4
brake,4
stratus,4
chair,4
daffodil,4
calcium,4
king,4
cafe,4
20 years,4
domestic,4
golf,4
analog,4
desk,4
shop,4
island,4
mouse,4
dress,4
wash,4
shepherd,4
19th,4
cub,4
fetch,4
porcelain,4
cupcake,4
onion,4
cafeteria,4
newspaper,4
tuxedo,4
military,4
100 mph,4
ice cream,4
peacock,4
brush,4
cheesecake,4
modern,4
turn,4
diamond,4
747,4
speed,4
roman numeral,4
outfield,4
united,4
annual,4
supreme,4
500,4
drown,4
nike,4
summer,4
1804,4
canoes,4
apron,4
birthday,4
piano,4
arctic,4
20 feet,4
fighter jet,4
long,4
carpet,4
anchor,4
cool,4
wheat,4
cdl,4
orange juice,4
forget,4
india,4
tony hawk,4
yacht,4
shaun white,4
san francisco,4
pickle,4
mexican,4
people,4
engineer,4
plumber,4
chandelier,4
first,4
horseback ride,4
1800s,4
down,4
mustang,4
sidewalk,4
married,4
wheel,4
sunglasses,4
1839,4
online,4
baker,4
neoprene,4
4th of july,4
rust,4
competition,4
string,4
row,4
skatepark,4
fabric,4
leather,4
flip,4
happiness,4
runway,4
1 way,4
washington,4
scooter,4
back,4
north face,4
single,4
kite fly,4
shrimp,4
colorado,4
flat screen,4
steel,4
bad luck,4
stable,4
paddle,4
peanut,4
autumn,4
dough,4
blind,4
ceramic,4
french fry,4
crane,4
street name,4
mustard,4
noon,4
measure,4
ibm,4
box,4
cloud,4
unsafe,4
no park,4
lemonade,4
parachute,4
pepsi,4
music,4
hunt,4
toy r us,4
30 years,4
foam,4
volleyball,4
fast,4
selfie,4
us open,4
direct,4
home,4
fun,4
plaid,4
dish,4
jet fuel,4
asphalt,4
pastry,4
granite,4
pacific,4
canal,4
angus,4
bakery,4
dusk,4
roll,4
gothic,4
16,4
hindu,4
traffic,4
blend,4
pomeranian,4
sale,4
square,4
leash,4
hockey,4
sink,4
gray,4
produce,4
schwinn,4
philadelphia,4
freight,4
crosswalk,4
samsung,4
holstein,4
fly kite,4
amazon,4
dunkin donuts,4
game,4
bunk,4
mary poppins,4
dessert,4
silver,4
3 feet,4
tank top,4
overhand,4
1 year,4
mutt,4
goat,4
babe ruth,4
usa,4
skyscraper,4
san diego,4
bluetooth,4
daily,4
play tennis,4
home plate,4
hat,4
america,4
wwii,4
type,4
disney,4
windy,4
little league,4
coin,4
roger federer,4
grocery,4
coke,4
ollie,4
caution,4
32,4
18,4
sofa,4
play game,4
sweater,4
disc golf,4
hp,4
mickey mouse,4
canine,4
stone,4
golden retriever,4
theodore roosevelt,4
7,4
wire,4
electricity,4
identification,4
full,4
kelly slater,4
dairy,4
converse,4
burton,4
sailboat,4
cucumber,4
legal,4
food,3
politic,3
bode miller,3
bee,3
flush,3
throw,3
london,3
feather,3
net,3
aspen,3
mexico,3
out,3
camp,3
no idea,3
eagle,3
tokyo,3
bat cage,3
buffet,3
for fun,3
priest,3
red sox,3
beach boy,3
juice,3
cedar,3
cross,3
80,3
propeller,3
doberman,3
mother,3
protest,3
clown,3
cotton,3
day,3
pepperoni,3
parked,3
granny smith,3
1973,3
speed limit,3
pigtail,3
court,3
deep dish,3
antarctica,3
belgium,3
dalmatian,3
60,3
brazil,3
tent,3
hamburger,3
van gogh,3
persian,3
art,3
wright,3
tabby,3
tide,3
greyhound,3
savannah,3
firemen,3
air force 1,3
windmill,3
cell,3
tiger,3
fuel,3
nintendo wii,3
merino,3
kick,3
vase,3
doll,3
tour bus,3
espresso,3
privacy,3
1945,3
outdoor,3
oral b,3
study,3
fight,3
cessna,3
pc,3
vespa,3
wax,3
on,3
purple,3
hose,3
british,3
airport,3
oil,3
sommelier,3
goatee,3
croissant,3
world series,3
shitzu,3
central park,3
75,3
convection,3
mice,3
bidet,3
factory,3
movie,3
rodeo,3
triangle,3
chevy,3
jelly,3
smoke,3
boiled,3
manmade,3
semi,3
steak,3
head,3
cabinet,3
100,3
stuffing,3
rush hour,3
hibernate,3
1970,3
leg,3
pond,3
transportation,3
tourist,3
fondant,3
barber,3
locomotive,3
money,3
vulture,3
tennis court,3
1980's,3
fiber,3
fisheye,3
pig,3
maple,3
herbivorous,3
tennis racket,3
airbus,3
tug,3
home run,3
coach,3
fog,3
store,3
1873,3
north america,3
eaten,3
moon,3
sedan,3
wind surf,3
cross country ski,3
pony,3
catholic,3
stuffed animal,3
ponytail,3
set,3
doughnut,3
brain,3
lift,3
jeep,3
color,3
banana bread,3
stove,3
1940,3
1930,3
polar bear,3
sepia,3
professional,3
security,3
air show,3
red pepper,3
biker,3
volkswagen,3
butter,3
dump,3
egypt,3
feet,3
sushi,3
toddler,3
berry,3
berlin,3
bull,3
college,3
keyboard,3
huffy,3
peace,3
bridge,3
mcdonalds,3
private jet,3
bad,3
raw,3
vegan,3
vanity,3
ewe,3
seattle,3
political,3
yellow,3
rest,3
lo mein,3
stallion,3
alley,3
40,3
compute,3
yarn,3
inside,3
teeth,3
barn,3
new york city,3
hilton,3
15,3
backpack,3
door,3
digital,3
rockies,3
zucchini,3
sugar,3
sunflower,3
ww2,3
400,3
20 pounds,3
concert,3
retirement,3
john deere,3
200,3
slow,3
baseball stadium,3
kenmore,3
twin,3
shower,3
norway,3
sled,3
bow,3
birch,3
clock tower,3
dachshund,3
casual,3
wash hand,3
watch,3
nevada,3
bowler,3
farmer,3
sun protection,3
mane,3
moo,3
sky,3
80 mph,3
overhead,3
1940's,3
oar,3
fighter,3
dirt,3
tail,3
airforce,3
taco,3
motorcross,3
dove,3
toothpaste,3
rafael nadal,3
lime,3
sneaker,3
toshiba,3
border collie,3
pasta,3
sausage,3
cirrus,3
vacuum,3
sunscreen,3
pillow,3
curtain,3
ship,3
led,3
rally,3
muscle,3
cookies,3
chlorophyll,3
children,3
foal,3
kick flip,3
american airline,3
10 minutes,3
man made,3
arm,3
map,3
rope,3
50 years,3
chip,3
sub,3
freeze,3
xbox,3
dachsund,3
low,3
vietnam,3
ladybug,3
purse,3
doctor,3
iron,3
succulent,3
hill,3
nokia,3
2 feet,3
protection,3
mammal,3
museum,3
chevrolet,3
mirror,3
japanese,3
high,3
talk,3
medium,3
screen,3
cruise ship,3
clear,3
december,3
sidecar,3
obama,2
espn,2
panda,2
cellphone,2
wall,2
wrench,2
us,2
photography,2
wi,2
roosevelt,2
8 hours,2
ferry,2
german shepard,2
not busy,2
thai,2
valentine's day,2
queen elizabeth,2
fold,2
fair,2
black cat,2
artwork,2
recliner,2
emperor,2
iceberg,2
steam engine,2
indoor,2
poop,2
8 inches,2
1970's,2
leopard,2
canola,2
second,2
stopped,2
front,2
fell,2
delivery,2
sponge,2
tricycle,2
oakley,2
build,2
build bear,2
grocery store,2
guitar hero,2
boxer,2
dugout,2
pedestrian cross,2
pink,2
4 days,2
in oven,2
person,2
nest,2
pita,2
segway,2
model,2
200 mph,2
fedex,2
shepard,2
bbq,2
sleepy,2
memory,2
horse jump,2
boogie board,2
goal,2
tattoo,2
dye,2
dance,2
fluorescent,2
puffin,2
haircut,2
1 foot,2
pulled pork,2
furniture store,2
adult,2
fast food,2
bouquet,2
take selfie,2
less,2
cry,2
older,2
supermarket,2
stuffed,2
brush hair,2
bunch,2
bun,2
trick,2
palomino,2
flock,2
fern,2
classic,2
10 hours,2
neon,2
street sign,2
saturated,2
dodger,2
,2
yeast,2
beauty and beast,2
smile,2
hello,2
9,2
photoshop,2
apart,2
buffalo,2
smiley face,2
volvo,2
apple pie,2
twice,2
younger,2
olive oil,2
soup,2
limestone,2
4 feet,2
venus williams,2
noah,2
krispy kreme,2
uk,2
sunbath,2
far,2
target,2
underhand,2
4 years,2
1965,2
salty,2
writer,2
food truck,2
plow,2
australia,2
victorian,2
hawaii,2
trunk,2
purina,2
crt,2
tong,2
frost,2
german shepherd,2
citrus,2
sleepover,2
2 hours,2
cycling,2
harbor,2
basil,2
let go fly kite,2
1960,2
corn,2
boston,2
2000,2
landed,2
15 years,2
loafer,2
12 inches,2
ham and cheese,2
motor,2
miami,2
purr,2
country,2
cricket,2
canada,2
mercedes,2
ted,2
hike,2
50,2
neigh,2
motorola,2
cardboard,2
10,2
hotdogs,2
kentucky derby,2
japan,2
cartoon,2
france,2
1981,2
lilac,2
25 years,2
roast beef,2
1920,2
30 feet,2
1960s,2
name,2
power line,2
jungle,2
isuzu,2
nothing,2
internet,2
forrest gump,2
beak,2
spain,2
bald,2
log,2
stew,2
paddleboarding,2
veggies,2
redwood,2
christian,2
friendly,2
plate,2
pray,2
grand,2
scurvy,2
woodpecker,2
harley,2
tuna,2
happy birthday,2
balloon,2
road,2
field,2
magnet,2
meatball,2
laminate,2
police officer,2
40000 feet,2
richard trevithick,2
owl,2
loveseat,2
wizard of oz,2
chopstick,2
zen,2
mallard,2
napkin,2
lumber,2
1995,2
cut hair,2
streetlight,2
kayak,2
toothbrush,2
skinny,2
grapefruit,2
windsurf,2
collage,2
skin,2
pollution,2
kid,2
collection,2
practice,2
fruit stripe,2
skirt,2
driver,2
120 mph,2
grilled cheese,2
residential,2
score,2
collar,2
take picture,2
dry,2
film,2
artist,2
suv,2
garfield,2
smartphone,2
quilt,2
black bear,2
felis catus,2
anniversary,2
stay dry,2
cigarette,2
migrate,2
polish,2
playful,2
africa and asia,2
blue angel,2
shield,2
sad,2
frigidaire,2
arrive,2
boy,2
profession,2
patio,2
5 dollars,2
dollhouse,2
feed,2
kale,2
peach,2
poland,2
up,2
1 hour,2
move,2
flash,2
asparagus,2
regular,2
lufthansa,2
1 minute,2
aloe,2
swing,2
press conference,2
bomber,2
look,2
carnival,2
bottle,2
pasture,2
ham,2
egg salad,2
airshow,2
jack and jill,2
native american,2
below,2
15 minutes,2
fir,2
playstation,2
turf,2
balance,2
easy,2
center,2
thirsty,2
600,2
2 tons,2
marine,2
ohio,2
strike,2
$500,2
police,2
intel,2
fresh,2
outboard,2
cart,2
ski jacket,2
star war,2
microfiber,2
necklace,2
sticky note,2
banana split,2
cockpit,2
mug,2
fireman,2
wait,2
thomas,2
crew cut,2
columbia,2
12 years,2
homeless,2
wing,2
beginner,2
bank,2
rottweiler,2
1990,2
peru,2
air france,2
mario,2
pad,2
flamingo,2
many,2
250,2
teammate,2
walter wingfield,2
transport,2
pancake,2
pony tail,2
2 stories,2
veil,2
men,2
before,2
smoothies,2
make wish,2
celebration,2
math,2
monitor,2
winnie pooh,2
samsonite,2
midwest,2
omega 3,2
glaze,2
ski resort,2
hell angel,2
little,2
1800's,2
lavendar,2
captain,2
sheep dog,2
melanin,2
railroad,2
tongue,2
sunday,2
new balance,2
traffic jam,2
overall,2
blue jay,2
100 years,2
1977,2
maple leaf,2
bunt,2
tom sim,2
bag,2
white sox,2
stair,2
gatorade,2
policeman,2
marriage,2
alcohol,2
usb,2
slow down,2
lava,2
arabic,2
roundabout,2
play wii,2
garrett morgan,2
baby shower,2
santa,2
both,2
amish,2
ripe,2
do not enter,2
no u turn,2
tennis elbow,2
julienne,2
traffic control,2
sell,2
16 years,2
pinto,2
kenworth,2
tan,2
snowshoe,2
stadium,2
gala,2
haul,2
microphone,2
motorbike,2
mushroom,2
water vapor,2
logitech,2
rainbow,2
flannel,2
flag,2
bullet,2
never,2
grand canyon,2
united kingdom,2
global warm,2
t shirt,2
greek,2
drink water,2
15 feet,2
to eat,2
janitor,2
high school,2
hobby,2
owner,2
drunk,2
powdered,2
drive,2
chopper,2
walkway,2
bleacher,2
formal,2
toasted,2
retriever,2
forty,2
goggle,2
cap,2
laundry,2
mouth,2
bus driver,2
referee,2
35,2
messy,2
mahogany,2
suzuki,2
industrial,2
woman,2
stormy,2
foot,2
break,2
open,2
gravity,2
fork and knife,2
shovel,2
ton,2
news,2
apple and orange,2
bethany hamilton,2
swan,2
mall,2
ranch,2
dishwasher,2
elm,2
camper,2
cereal,2
baltimore,2
whisker,2
raft,2
abstract,2
racetrack,2
dryer,2
helium,2
carry on,2
pottery,2
shawn white,2
mac,2
looney tune,2
plantain,2
ladder,2
statue,2
beta carotene,2
starbucks,2
152 days,2
candy cane,2
lipstick,2
deciduous,2
telephone,2
dive,2
see,2
thousand,2
whirlpool,2
team,2
thoroughbred,2
hispanic,2
canadian,2
age,2
st patrick's day,2
anger,2
colgate,2
bob,2
sign,2
easter,2
valentine,2
george washington,2
sandal,2
button,2
button up,2
meadow,2
point,2
very fast,2
lindsey vonn,2
6 months,2
cactus,2
play baseball,2
knit,2
advertising,2
alexander graham bell,2
pea,2
sandpiper,2
gucci,2
sourdough,2
wide angle,2
350,2
pennsylvania,2
42,2
urine,2
octopus,2
houston astros,2
grandfather,2
curious,2
3 months,2
fire escape,2
father and son,2
larger,2
mercedes benz,2
fermentation,2
pier,2
skier,2
rarely,2
sailor,2
2 miles,2
teal,2
copper,2
soda,2
ramen,2
family,2
kilt,2
face,2
rugby,2
mozi and lu ban,2
triumph,2
45,2
jansport,2
uniform,2
toy,2
clean teeth,2
hydrogen and oxygen,2
sombrero,2
audi,2
electron,2
coat,2
whipped,2
long neck,2
big,2
bagel,2
champagne,2
car show,2
swimsuit,2
after,2
cleat,2
5 years,2
man,2
911,2
warmth,2
tortilla,2
sea,2
moen,2
hibernation,2
hard boiled,2
basketball,2
cream cheese,2
shelf,2
president,2
cane,2
1940s,2
williams,2
fine,2
fifty,2
transport people,2
toilet paper,2
linoleum,2
chloe kim,2
jail,2
ramp,2
snowy,2
stork,2
torso,2
las vegas,2
dish soap,2
abner doubleday,2
marina,2
sunrise,2
lexus,2
birthday party,2
unleaded,2
barge,2
vandalism,2
mississippi,2
yield,2
google,2
navel,2
60 years,2
throw it,2
oriental,2
kawasaki,2
windex,2
furniture,2
cubicle,2
dodge,2
lamb,2
major league,2
lay down,2
it rain,2
red light,2
avalanche,2
crowded,2
pixie,2
crest,2
natural,2
died,2
lace,2
interview,2
17,2
earlier,1
1960's,1
2002,1
big shoe,1
pearl harbor,1
spider web,1
bow tie,1
blinder,1
candy apple,1
ivy,1
mount saint elias,1
easy rider,1
wrong way,1
nicotine,1
world war ii,1
choo,1
refrigerate food,1
southern,1
salt and pepper,1
reflective,1
wolf,1
tangerine,1
sanitary,1
o,1
tall,1
parasail,1
griffin,1
base,1
sew machine,1
dawn,1
fruit and vegetable,1
3rd,1
felt,1
atlantic,1
egg benedict,1
dress shirt,1
skater shoe,1
old macdonald,1
salmon,1
pavement,1
prop,1
comicon,1
tennis shoe,1
beige,1
$60,1
plain zebra,1
new york yankees,1
circle k,1
immediately,1
drone,1
terrace,1
louis vitton,1
whole grain,1
$100,1
glass blower,1
retired,1
bill clinton,1
tie it,1
snowboarder,1
buddhist,1
50 lbs,1
attach to surfer,1
morgan,1
perform,1
chocolate chip cookie and ice cream,1
foccacia,1
teapot,1
remote control,1
coffee and donuts,1
wiper,1
phone call,1
1969,1
restock,1
10 inches,1
macintosh,1
18 years,1
1946,1
suspend,1
danish,1
hawaiian,1
atari,1
europe,1
big city,1
ketchup and mustard,1
goodwill,1
toque,1
dine,1
oval,1
45.0,1
fruit salad,1
orchid,1
brick and mortar,1
100 feet,1
continental,1
woof,1
block,1
coffee table,1
clayton kershaw,1
master,1
kitchen and dine room,1
thread,1
dram,1
3 weeks,1
regatta,1
salami,1
free,1
photo paper,1
enough,1
1200,1
4000,1
move cursor,1
105 feet,1
greenwave,1
dehydration,1
cattle,1
presentation,1
crossed leg,1
pan,1
shortboard,1
monthly,1
suction,1
nothing else to do,1
atv,1
frustration,1
no turn,1
mid evil europe,1
fiat,1
bill,1
1998,1
dog park,1
tarana,1
make bed,1
fly trapeze,1
pour,1
faa,1
iphones,1
fountain,1
grizzly bear,1
not very,1
yard,1
medieval,1
studio,1
foggy,1
john mcenroe,1
long exposure,1
0 celcius,1
mt everest,1
drain water,1
vandal,1
strap,1
daylight,1
helicopter,1
rainforests,1
carbohydrate,1
pine tree,1
2500,1
under armour,1
under,1
savanna,1
pack cloth,1
ovis aries,1
yolk,1
motorcycle race,1
merida,1
9:25,1
more run,1
traffic light,1
mardi gras,1
dorm,1
glider,1
1817,1
indigestion,1
egret,1
y,1
sit still,1
dave hayward,1
gondolier,1
grey one,1
gallop,1
maltese,1
great,1
3 tons,1
2 days,1
republican,1
pen,1
satchel,1
150,1
68 degrees,1
hygienic,1
dexter,1
udon,1
cut paper,1
elvis,1
gay pride,1
goat cheese,1
to sea,1
diner,1
they are skinny,1
predator,1
lost,1
oyster,1
whiskey,1
baby blue,1
14,1
car stop,1
mozi,1
sheet,1
standard,1
vitreous china,1
1 mile,1
duvet,1
surfer,1
kiwi,1
urn,1
italians,1
nurse ratched,1
barbed wire,1
anchored,1
carry,1
cash for gold,1
communication,1
7 months,1
good game,1
gum,1
5'10,1
elizabeth,1
carrot and cauliflower,1
minnesota,1
bloody mary,1
0 minutes,1
2007,1
hitter,1
wheelie,1
sport bike,1
right fork,1
randy johnson,1
parasauiling,1
handkerchief,1
potty,1
13 months,1
they're toilet seat,1
british airway,1
bus lane,1
1972,1
lee,1
multiple people,1
for shade,1
sweden,1
servihanca,1
wakeboard,1
1990's,1
chain,1
red panda,1
potted,1
animal don't watch tv,1
flight,1
v neck,1
poached,1
sammy sosa,1
rotini,1
kick ball in net,1
on tree,1
50's,1
1900,1
spray,1
element,1
breast cancer,1
fresca,1
11,1
ruben,1
pool,1
weather,1
ram,1
saddle horn,1
wear tie,1
behr,1
license,1
ketchup and relish,1
pacific southwest,1
1979,1
john henry,1
nestea,1
youtube,1
heterosexual,1
chardonnay,1
box cutter,1
vail,1
to see,1
baywatch,1
cherry picker,1
john,1
cardigan,1
airfrance,1
chimney,1
unsure,1
wedge,1
fire department,1
very hard,1
7 eleven,1
distracted drive,1
lean,1
continuous,1
martini,1
half windsor,1
family dinner,1
addidas,1
mystery,1
dollar,1
rabies,1
tow truck,1
10000,1
snare,1
kraft,1
index,1
mazda,1
wii bowl,1
cork,1
abu dhabi,1
boil,1
stylist,1
foul,1
b,1
tony,1
photographer,1
cream,1
not often,1
shetland,1
behind,1
70s,1
woody woodpecker,1
chow,1
hound,1
mandolin,1
arugula,1
charge,1
toy collector,1
bath elephant,1
angel and dodger,1
custom,1
morn sick,1
cabbage,1
purity,1
paperback,1
very ripe,1
walk in wood,1
mixed,1
bathroom sink,1
boredom,1
leather jacket,1
homeward bound,1
transport good,1
cadillac,1
canopy,1
manila,1
lactose intolerant,1
not ripe,1
jet ski,1
conair,1
parsley,1
signal,1
fire truck,1
speedometer,1
personal hiegene,1
genital,1
weathervane,1
corned beef,1
button down,1
fusarium,1
velvet,1
afro,1
toaster,1
driveway,1
green bean,1
shirt and tie,1
inedible,1
alitalia,1
seaplane,1
forever,1
hertz,1
pinkie,1
amtrak,1
bluebird,1
frans van houten,1
8200bc,1
americas,1
temple,1
pedal,1
blew over,1
case,1
on lake,1
muslim,1
sardine,1
kansas,1
chuck e cheese,1
different,1
record player,1
pet food,1
dough spinach cheese,1
guard,1
cookie cutter,1
asia and africa,1
best friend,1
cancer,1
filter on camera,1
ski lodge,1
congested,1
hour,1
350 degrees,1
lay,1
compete,1
o'neill world cup of surf,1
safe to cross,1
israel,1
new york time,1
morris michtom,1
3 hours,1
10pm,1
bichon frise,1
top gun,1
picked up,1
tube tv,1
lg,1
nation,1
4300,1
headphone,1
206,1
moses walker,1
mad,1
chop,1
thirty 2 inch,1
hand,1
shingle,1
pidgeons,1
sully,1
1 on far right,1
bounty,1
programmer,1
lead rope,1
crust,1
razor,1
seashell,1
second base,1
boombox,1
dole,1
skiis,1
100 gallons,1
wake,1
interstate,1
sweat,1
ping pong,1
serrated,1
laundromat,1
condensation,1
very windy,1
gravel,1
scan,1
oscar potting,1
small pony,1
shush,1
puppy bowl,1
kleenex,1
posed,1
health,1
corndog,1
myrtle,1
amateur,1
pharmacy,1
smrt,1
idaho,1
station,1
spork,1
professionally,1
foot rest,1
mantle,1
2010,1
wine taste,1
hindi,1
ski suit,1
expert,1
emergency,1
nigeria,1
partner,1
stop light,1
crab,1
fisherman,1
overcoat,1
bean,1
layer,1
snow owl,1
spot,1
tower,1
grandma,1
do not pass,1
object,1
hell kitchen,1
after meal,1
domestic shorthair,1
36,1
sunny side up,1
restroom,1
old woman,1
yeah,1
framed,1
1889,1
road kill,1
infant,1
kindle,1
green light,1
contrail,1
amtrack,1
meatloaf,1
david evans strickler,1
bicycle built for 2,1
300 pounds,1
venice beach,1
52,1
ostrich,1
novel,1
halo,1
upside down,1
bartender,1
dog tail,1
mass transit,1
light blue,1
black and decker,1
bart,1
webcam,1
35 miles per hour,1
perspective,1
homerun,1
minneapolis,1
virginia,1
with knife,1
my little pony,1
court house,1
actor,1
scroll,1
simonds,1
coachman,1
gift shop,1
leak,1
checkerboard,1
85.8 million,1
white wine,1
run with scissor,1
bra,1
pussy,1
western ave,1
70,1
ring,1
fireplace,1
pee,1
surprise,1
1984,1
very big,1
carrot califlower,1
utensil,1
i phone,1
gallon,1
50 kg,1
300 feet,1
sock monkey,1
roast,1
crossbody,1
fly south,1
700 mph,1
black stallion,1
boy scout,1
1950's,1
sloppy,1
1700,1
hoof it,1
citrus juice,1
mirrored,1
stove top,1
elevator,1
sleep beauty,1
flatscreen,1
frida hansdotter,1
religion,1
resturaunt,1
gun,1
caramel,1
ground based,1
rat,1
jfk,1
content,1
flip flop,1
28,1
rawling,1
year,1
8gb,1
lithium,1
blaise pascal,1
merge right,1
talk and eat,1
oster,1
nacho,1
cocoa,1
roulette,1
photosynthesis,1
4 poster,1
mulan,1
catch frisbee,1
buena,1
peel,1
paw,1
elbow pad,1
blowout,1
red and green,1
kodak,1
whipped cream,1
turn it on,1
fertilizer,1
baby elephant,1
tai chi,1
project,1
repair,1
milwaukee brewer,1
sprague,1
1 mm,1
holland,1
left turn,1
hella angel,1
batman,1
mike and ike,1
frostbite,1
lavender,1
christ redeemer,1
compaq,1
on sidewalk,1
samoyed,1
blank,1
starvation,1
hat over heart,1
nestle,1
common,1
speed stick,1
excel,1
1000,1
trespass,1
tuba,1
cord,1
grease,1
hamster,1
recline,1
same,1
trailways,1
karaoke,1
564 mph,1
arch,1
bundt,1
romans,1
gene kelly,1
broke,1
bachelorette party,1
vegetable oil,1
valentine day,1
mesh,1
brew dog,1
1769,1
bell,1
honk,1
brightener,1
plant eater,1
olie,1
adobe,1
boeing 737,1
adventure,1
soldier,1
chocolate chip,1
pink flower,1
sirloin,1
flatbed,1
russian,1
snap pea,1
pinstripe,1
ansel adams,1
hop and barley,1
1 gigabyte,1
land line,1
lion king,1
46,1
native,1
notebook,1
sprite,1
tweety,1
brevard,1
timer,1
23,1
safty gear,1
michelle obama,1
sheep herder,1
lord of ring,1
penske,1
bent sign,1
geek squad,1
middle finger,1
salon,1
today,1
national anthem,1
popular,1
corian,1
swiss,1
contemporary,1
carbon,1
backsplash,1
canadian pacific,1
2 years,1
supper,1
polarity,1
recorder,1
houseboat,1
april,1
pocket watch,1
legally,1
dunkin' donuts,1
frisby,1
wren,1
knit needle,1
5 star,1
hot air,1
wife,1
24 gauge,1
another activity,1
picnic table,1
cherry,1
santa fe,1
no saddle,1
african american,1
broth,1
heihei,1
stick,1
1000 lbs,1
firetruck,1
sheepdog,1
lecture,1
albino,1
acer,1
in house,1
jaywalk,1
charlottesville,1
sea gull,1
nuzzle,1
1880,1
grandview dr,1
image quality,1
snake,1
dump truck,1
u haul,1
shrub,1
seatbelts,1
olly,1
vote,1
cabin,1
mustache,1
cross guard,1
parasol,1
tofu bugers,1
vodka,1
lose,1
brand,1
pizza cutter,1
9mm,1
over mountain,1
paper towel,1
magazine,1
wine bottle,1
mush,1
dense,1
find nemo,1
to carry object,1
auction,1
bicycling,1
legos,1
restoration,1
36 inches,1
wingback,1
gremlin,1
still in operation,1
kudzu,1
wooden,1
control traffic,1
someplace fancier,1
baptism,1
1000 years,1
fire fighter plane,1
ajax,1
beverly hill,1
koala,1
unload boat,1
llama,1
thrill seeker,1
worm,1
school kid,1
illinois,1
croatian mercenary,1
britain,1
qr code,1
cheerio,1
noodle,1
call,1
black eyed susan,1
commuter train,1
basset hound,1
georgia,1
fade,1
light house,1
fraction,1
shirt,1
computer lab,1
boulder,1
electrical,1
crop,1
sandy,1
over ripe,1
orange and lime,1
hannibal,1
franz san galli,1
105,1
smell,1
hasbro,1
it want attention,1
captivity,1
moss,1
no scruffy,1
maine,1
lap,1
madagascar,1
chimp,1
amsterdam,1
typical,1
patrol,1
horse and buggy,1
price tag,1
homework,1
1926,1
citikitty,1
flouride,1
brew,1
show,1
colorblind,1
saint bernard,1
tag,1
stop harper,1
toyota avalon,1
husky,1
100 miles,1
watch for pedestrian,1
hit baseball,1
once year,1
5 feet,1
journey,1
left hand,1
$2,1
to ripen,1
ryanair,1
hula,1
bent,1
150 mph,1
muffin,1
conventional,1
close door,1
pickup,1
stray,1
9 years,1
uv,1
fridge,1
speaker,1
kanye west,1
bohemian rhapsody,1
penny farthing,1
collision,1
nursery,1
2 16 years,1
sport team,1
they are sit,1
refrigeration,1
rearview,1
toy store,1
outhouse,1
fastfood,1
mascot,1
cold weather,1
mint,1
lift it,1
high end,1
life jacket,1
porsche,1
lattice,1
handle,1
rhode island red,1
packed,1
defecation,1
crossword,1
dvd player,1
recreational,1
watermelon,1
carry bag,1
wine glass,1
thomas tank engine,1
rome,1
peck,1
get lost,1
rhubarb,1
saute,1
100lbs,1
passenger train,1
avocado,1
cat door,1
chrome,1
50mg,1
buoyancy,1
manual,1
hold flower,1
tv room at home,1
newscaster,1
10 mph,1
minor league,1
3rd world,1
too small,1
offroading,1
hydrogen oxygen,1
forest gump,1
perm,1
jersey,1
derailed,1
wonder woman,1
shanghai maglev,1
in home,1
frederick graff sr,1
beam,1
fake blood,1
tropic,1
salvation army,1
orange tree,1
hotel bathroom,1
sahara,1
to sit,1
tie tie,1
vermont,1
locust,1
hunger,1
clip,1
astros,1
very healthy,1
bear suit,1
night time,1
taxidermy,1
carefully,1
topless,1
room,1
craft,1
heater,1
legaignoux brother,1
panini,1
sport store,1
listerine,1
500 mph,1
toy section,1
olives,1
fence post,1
spoonful of sugar,1
atypical,1
bowtie,1
cincinnati,1
sibling,1
leafy,1
william phelps eno,1
college kid,1
angora,1
cleveland,1
despicable me,1
shortstop,1
weigh,1
unkept,1
fauna,1
condiment,1
earth,1
flotation,1
brown bear,1
pager,1
5000,1
sectional,1
tourist attraction,1
suit and tie,1
upscale,1
1920s,1
prince,1
korean,1
kerosene,1
breadsticks,1
large,1
cyanocitta cristata,1
gumby,1
tropical climate,1
castle,1
osage,1
caribbean,1
kentucky,1
chirp,1
better home,1
calzone,1
hammer,1
scallop,1
bang,1
ragdoll,1
government,1
tissue,1
weed,1
1662,1
chimney sweep,1
willow,1
fryer,1
no furniture,1
canon,1
honda nightwing,1
life vest,1
crossroad,1
actual,1
deliver mail,1
police car,1
pink cloth,1
dog show,1
eat banana,1
for sun,1
4 way stop,1
allowed,1
utility,1
1950s,1
tartar,1
pud,1
panther,1
rented,1
2 inches,1
domesticated,1
bunk bed,1
black lab,1
close it,1
park and rec,1
stetson,1
kangaroo,1
cleanliness,1
clerical,1
1846,1
sing in rain,1
sephia,1
dig,1
icecream,1
play soccer,1
caboose,1
chihuaha,1
fry bake,1
daughter,1
waterfall,1
veggie,1
toyota,1
cut board,1
eat wood,1
hit tennis ball,1
show attendee,1
crockpots,1
ronald,1
greyhound and boxer,1
50 mph,1
fifa,1
laptop computer,1
zorse,1
levi,1
3:40,1
everest,1
courtyard,1
platform,1
10:1,1
moth,1
brim,1
california,1
under umbrella,1
nursing,1
10feet,1
lugg valley,1
martha,1
ottoman,1
1948,1
mogul,1
wii box,1
perch,1
imported,1
serengeti,1
hard flip,1
grandfather clock,1
cd,1
grassland,1
not at all,1
video,1
lincoln park zoo,1
train conductor,1
hold it,1
cutlery,1
to ride,1
larry stevenson,1
pair,1
red eye,1
return,1
50 feet,1
geometry,1
for sale,1
alan turing,1
wizard hat,1
vehicle,1
50 50 grind,1
photoshopped,1
brownie,1
prey,1
win,1
bill gate,1
pushups,1
new york new york,1
waterpark,1
electrician,1
41%,1
pesticide,1
train track,1
3:00,1
4000 bc,1
dog drive,1
vertical,1
locked up,1
green vegetable and some fruit,1
listen,1
coffee mate,1
3 inches,1
spider,1
gay,1
eva air,1
10 feet,1
sun screen,1
book radio,1
cross walk,1
liqour,1
cracked,1
containment,1
fly ball,1
right turn,1
15 pounds,1
kitten,1
sprint,1
share,1
all way,1
pedestrian,1
drop,1
eucalyptus,1
asians,1
very expensive,1
kiteboarding,1
hand shake,1
mullet,1
sing,1
automatic,1
lgbtq,1
gallon per minute,1
game show,1
revel,1
santa hat,1
classified,1
blackberry,1
be tall,1
luge,1
margarita,1
school zone,1
tractor,1
dvd,1
nbc,1
nicely,1
hair stylist,1
7 wonders,1
no left turn,1
countertop,1
panama canal,1
baseball game,1
saltwater,1
1596 england,1
oval office,1
dc,1
gap,1
photograph,1
20 billion,1
embroidery,1
united parcel service,1
gazelle,1
sport car,1
overnite,1
surgery,1
track light,1
corset,1
trolley,1
nimbus,1
closed,1
coocoo,1
eastern,1
puma,1
blonde,1
stabilization,1
companion,1
rattan,1
dirty,1
hall,1
equestrian,1
calm,1
alcoholic,1
forest mostly western us,1
secretariat,1
51,1
evolution,1
refridgerator,1
bachelorette,1
rocky,1
jack russell terrier,1
hello kitty,1
by lick itself,1
accident,1
dice,1
7 11,1
tennis channel,1
cast iron,1
1 4,1
siamese cat,1
high heel,1
curly,1
no right turn,1
cast,1
walter frederick morrison,1
gateau,1
fuselage,1
dome,1
truck bed,1
railling,1
very common,1
1955,1
cemet,1
caricature,1
step,1
pizza hut,1
mow,1
.49,1
food color,1
visibility,1
buy food,1
bat average,1
broccoli and cheese,1
penguin,1
fried chicken,1
roller sky,1
sister,1
interior,1
private school,1
tea room,1
straight,1
unripe,1
screwdriver,1
west,1
gmc,1
bib,1
hook,1
1898,1
instagram,1
karl benz,1
thin,1
oculus,1
nighttime,1
early 1900's,1
wasabi,1
cauliflower,1
combust engine,1
hoagie,1
goldilocks and 3 bears,1
play dead,1
chew,1
qwerty,1
minor,1
jalapeno,1
165,1
skydome,1
30mph,1
corolla,1
clearwater,1
watch plane,1
side mirror,1
bush,1
10 speed,1
cruise,1
tanker,1
patent,1
colombia,1
costume,1
computer repair,1
aerial,1
tiara,1
1484,1
toaster near sink,1
belt,1
clockmaker,1
backflip,1
tugboat,1
green bus,1
pluck string,1
not,1
michael jackson,1
radar,1
another brand,1
wipeout,1
red velvet,1
artificial,1
murky,1
blue hawaii,1
pastel,1
20 knots,1
peacoat,1
sport event,1
twine,1
discus,1
pete rose,1
scoop,1
fourth of july,1
click,1
10 pounds,1
recently,1
naples,1
cheddar,1
carrot cake,1
wii controller,1
spiral,1
blue brother,1
angry,1
tape measure,1
deli,1
number,1
road block,1
nitendo,1
yearbook,1
malaysia,1
peninsula,1
cable,1
world,1
chain link,1
snowplow,1
betsy ross,1
blue crush,1
2012,1
thomas train,1
wash machine,1
trolly,1
rug,1
western,1
mcrib,1
lego,1
ecuador,1
unisex,1
latte,1
bookshelf,1
fire lane,1
monster truck,1
micro,1
groom,1
small town,1
grafitti,1
giant,1
47,1
mixer,1
law and order,1
no 1,1
c3po,1
no water,1
director,1
60%,1
brick tile,1
skywriting,1
shuttle,1
j 4138,1
1656,1
alone,1
girl bike,1
korean air,1
hondas,1
truck race,1
letter,1
wiffleball,1
slate,1
fluffy,1
dolphin,1
20 minutes,1
week,1
blood,1
overpass,1
vintage,1
internet explorer,1
wisconsin,1
simulation,1
bond,1
shut down,1
stained,1
bug,1
garbage truck,1
cookie monster,1
hexagon,1
richard steiff,1
violin,1
venus,1
synthetic,1
day today,1
sprained it,1
screensaver,1
rosa park,1
beached,1
hangout,1
sweat band,1
pull cord,1
temperate,1
supply,1
lateral,1
major league baseball,1
protzmann,1
abbey,1
2008,1
propel,1
westcom,1
sunexpress,1
lacoste,1
university,1
80 beats per second,1
hold,1
rock band,1
paul pogba,1
767 mph,1
crotch rocket,1
bonnet,1
90,1
ios,1
tailor,1
awake,1
lacrosse,1
bottom,1
food court,1
equal right,1
dairy cow,1
barack obama,1
cobblestone,1
tad williams,1
snow angel,1
barrel roll,1
glare,1
firefight,1
ringling bros,1
crack,1
cat toy,1
when it windy,1
superstition,1
$15,1
hijab,1
hot tub,1
south africa,1
whole food,1
dick and jane,1
tom tom,1
pure,1
bell bottom,1
fisher,1
throw frisbee,1
broccoli and carrot,1
no glass,1
disorganized,1
box truck,1
cello,1
sell fruit,1
to tell time,1
yam,1
puddle,1
mare,1
soccer ball,1
go somewhere,1
lampshade,1
crash,1
flickr,1
harleys,1
gandalf,1
mountain bike,1
air macau,1
their teeth,1
air conditioning,1
elephant like peanut,1
ski race,1
route 66,1
hurt,1
they don't shed,1
cheese and sauce,1
better,1
use laptop,1
30s,1
baseball helmet,1
in bowl,1
aerodynamic,1
dixie chopper,1
farmer market,1
walk in,1
elephas,1
pear,1
sesame,1
solo,1
mouse and keyboard,1
maytag,1
32 in,1
goose,1
look out,1
5 gallons,1
they have umbrella,1
ge money,1
gottlieb daimler,1
macbraynes,1
hug,1
spca,1
banana peel,1
livingroom,1
just dance,1
40 inches,1
sun bear,1
no truck,1
heart disease,1
pawn shop,1
guatemala,1
leave,1
scarf,1
headband,1
added flavor,1
backyard,1
grow,1
buick,1
poacher,1
he land,1
too much,1
yogi,1
sill,1
to left,1
java,1
reflector,1
3.2,1
indians,1
hollandaise,1
noose,1
bathrobe,1
mountaintop,1
flanders,1
contain,1
arnold,1
racer,1
stop sign,1
gloss,1
when stopped at bus stop,1
white out,1
pit bull,1
takeoff,1
ducati,1
ziplining,1
sock,1
tilapia,1
medicine,1
metropolitan,1
stewie griffin,1
truck show,1
horse back ride jump,1
extreme,1
armchair,1
lazy,1
design,1
60's,1
mike willy,1
1902,1
mix,1
holiday,1
open door,1
90 minutes,1
no helmet,1
shes cold,1
headlight,1
suede,1
musa,1
mount everest,1
security camera,1
dry hair,1
alexis ohanian,1
guest,1
mascara,1
power button,1
too full,1
oakland,1
counter,1
2.5 cm,1
styrofoam,1
fixng man neck tie,1
porch,1
macy's,1
spy,1
horse show,1
slack,1
in suitcase,1
we cook food,1
turban,1
rooster,1
compos music,1
above,1
rainforest,1
scare,1
penne,1
saturday,1
graduation,1
exert,1
uggs,1
gutter,1
cardiff,1
african and grass,1
freezer,1
vest,1
boeing 747,1
provide water,1
pollen,1
shoe,1
jaw,1
20000,1
water them,1
distraction,1
thick,1
meet,1
pacaderm,1
hanukkah,1
chrysler,1
beard,1
serta,1
2105,1
webber,1
pitbull,1
cinderella,1
stream,1
casually,1
25 year old,1
has beard,1
$2.75,1
quack,1
65 mph,1
ty cobb,1
train bridge,1
tiny house,1
rose bush,1
to water,1
facebook,1
still in box,1
4 weeks,1
neon gas,1
mail,1
wham o,1
arched,1
mate,1
diaper,1
wed ring,1
pole dance,1
bible,1
half pipe,1
heat food,1
stainless,1
informal,1
ged,1
nile,1
corgi,1
busy,1
row boat,1
pipe,1
tournament,1
paper crafter,1
store front,1
mesopotamia,1
pac man,1
stripped,1
1800,1
leonardo da vinci,1
flora,1
home depot,1
skyteam,1
schindler's list,1
keep food cold,1
red wine,1
comb,1
solar,1
ale,1
american pekin,1
dog birthday,1
confused,1
weave,1
banana orange,1
same side,1
in half,1
harrisons,1
puke,1
july 4th,1
squat,1
100 lbs,1
roku,1
shake hand,1
1 inch,1
3:52,1
solder gun,1
veteran day,1
grand central usa,1
early,1
salt water,1
buzzard,1
stingray,1
27,1
southern air,1
garnish,1
hum,1
breast,1
athens fc,1
schere,1
15 18 years,1
saturn,1
bat stance,1
food network,1
plush,1
on ground,1
6000 feet,1
official,1
fenced,1
1823,1
nitro,1
paddleboard,1
1st,1
fat,1
cupertino,1
sonnanstine,1
cook food,1
spanish style,1
1885,1
end destruction,1
sand piper,1
retro,1
slope,1
bombay,1
canada goose,1
snowsuit,1
soul surfer,1
4 wheeler,1
egrow,1
plant garden,1
regulated,1
scout,1
train depot,1
leave on jet plane,1
con,1
transat,1
pistachio,1
chocolate and vanilla,1
earring,1
drill for oil,1
to be seen,1
moderate,1
drought,1
death,1
broccoli cauliflower,1
candid,1
potter,1
premium,1
stuff animal,1
freestanding,1
brocoli,1
7 feet,1
ski pole,1
make coffee,1
fowler,1
turn it off,1
e,1
microsoft,1
drawer,1
gummi bear,1
morn glory,1
1968,1
20 hours,1
motorcycle rally,1
frost bite,1
paddle board,1
swiss alp,1
fear,1
palm tree,1
1 dollar,1
blurry,1
garbage can,1
5 miles,1
wheel on bus,1
street light,1
1 week,1
tahiti,1
charter,1
on rock,1
labradoodle,1
camouflage,1
carmen miranda,1
20 grams,1
nasa,1
meter maid,1
hindquarter,1
steal base,1
sponser,1
port hole,1
george stephenson,1
red white and blue,1
chordate,1
projector,1
bath suit,1
abdominals,1
tea party,1
to catch ball,1
poseidon,1
armani,1
mother and son,1
mary had little lamb,1
mike trout,1
law enforcement,1
individual,1
domed,1
hold sandwich together,1
stroller,1
tshirt,1
mastercard,1
car repair shop,1
22 months,1
sound,1
8 feet,1
cluttered,1
copenhagen,1
come,1
1909,1
$50,1
futon,1
ll bean,1
wakeboarding,1
cargo van,1
60s,1
paddockhurst road,1
headboard,1
horizontal,1
chop stick,1
ox,1
chalice,1
wii remote,1
eric berne,1
pot,1
cross legged,1
yamaha,1
giraffe and ostrich,1
bob marley,1
catnip,1
taco bell,1
bareback,1
in sky,1
25,1
very hot,1
english channel,1
linseed,1
jam,1
1850,1
8 cylinder,1
2004,1
reach,1
pinkish,1
with saddle,1
lobby,1
kingston transit,1
51 degrees,1
little bow peep,1
raspberry,1
ruffle,1
universal,1
400 lbs,1
bread and meat,1
dandelion,1
high 5,1
sheetrock,1
delete,1
over easy,1
25 lbs,1
long distance,1
glue,1
urinate,1
erosion,1
bookcase,1
hang 10,1
thailand,1
american shorthair,1
pace car,1
dread,1
ben franklin,1
elbow,1
thrown,1
bikini,1
action,1
lcd,1
dilapidated,1
ipod,1
together,1
pane,1
mary jane,1
3 piece,1
3 days,1
frozen food,1
end,1
bought,1
minnesota twin,1
rayban,1
at airport,1
6:50,1
tennis skirt,1
slice,1
crotch,1
portland timber,1
2 gallons,1
20's,1
falcon,1
under tent,1
goldilocks,1
cookie,1
shave,1
difficult,1
6 inches,1
sharp,1
primary,1
h2o,1
northern,1
price,1
pink 1,1
heineken,1
smuggle,1
lasagna,1
hut,1
uhaul,1
thumb,1
buzz,1
active,1
wireless,1
new,1
spare,1
met,1
soft,1
special occasion,1
nose,1
48,1
green grass,1
fight fire,1
stay warm,1
bumper sticker,1
steal,1
hilltop hotel,1
hurricane,1
cruller,1
baseball player,1
pot pie,1
passenger bus,1
thumb up,1
vitamin k,1
hibachi,1
rain boot,1
shanghai metro,1
baked in oven,1
conveyor belt,1
gear,1
mini cooper,1
arbor day,1
functional,1
louisville slugger,1
processed,1
intoxication,1
you can turn only 1 way,1
tempered,1
department store,1
citilink,1
sheer,1
heterochromia,1
carnation,1
burrito,1
captain morgan,1
private house,1
tron,1
bronx,1
weight,1
popcorn,1
walker,1
beaver,1
opponent,1
end of day,1
nineteenth,1
hold thing,1
bean bag,1
rasta,1
5th century bc,1
russet,1
longhorn,1
$350,1
venice,1
kindergarten,1
plaster,1
justin bieber,1
trombone,1
2nd,1
co worker,1
hoarder,1
tom blake,1
judging,1
giraffe and rhino,1
ganges,1
ape hanger,1
right handed,1
there are elephant and they are not native to north america,1
crab cake,1
senior,1
yahoo,1
baa,1
anderson cooper,1
plain,1
street address,1
write,1
poolside,1
5 minutes,1
small,1
puerto rico,1
state fair,1
model t,1
80 ft,1
bird house,1
barometric pressure,1
epping,1
oxygen,1
for bake,1
adhesive,1
beach umbrella,1
awn,1
historical,1
pumpkin,1
upper,1
super fish,1
42 inches,1
1600 lbs,1
game convention,1
coffee cake,1
manderines,1
indiana,1
lizard,1
train crash,1
honey,1
vodka cranberry,1
through his trunk,1
aluminium,1
clay museum,1
it is doggy park,1
motocross,1
los angeles,1
cellular service provider,1
boyds,1
bucket truck,1
comforter,1
cobble,1
quarter,1
octogon,1
less effective,1
spot light,1
to beach,1
transport luggage,1
jesus,1
citric,1
decor,1
special,1
mop,1
stucco,1
radiator,1
sauce,1
oven mitt,1
2000s,1
twice day,1
tour de france,1
walked,1
mason,1
natural habitat,1
1930s,1
toxoplasmosis,1
on table,1
boundary,1
handmade,1
upper right,1
rigatoni,1
sheep herd,1
romaine,1
same color,1
shelve,1
cone,1
1 for letters 1 for numbers,1
mess,1
travel over water,1
rv,1
wash it,1
tunic,1
pizza slicer,1
once,1
owned,1
pick up people,1
beta caratine,1
teak,1
modernism,1
ted talk,1
clothespin,1
playground,1
it fell over,1
lavanda,1
open window,1
2000 feet,1
rabbit,1
wear helmet,1
pull over,1
reflection of sky,1
butcher,1
6 hours,1
ellen degeneres,1
speed skate,1
soap,1
druid hill,1
new delhi,1
skilift,1
slipped,1
nut,1
1820s,1
soap and water,1
mud,1
d,1
apple and banana,1
ride on sidewalk,1
natural grass,1
saudi arabia,1
racism,1
earbud,1
skunk,1
halston,1
popsicles,1
villa adelina chacarita,1
major,1
chin,1
mattel,1
mask,1
water fountain,1
csa,1
great britain,1
mobile home,1
duke kahanamoku,1
evergreen,1
violet,1
cooked,1
bird feeder,1
40 mph,1
tennis racquet,1
object in mirror are closer than they appear,1
1914,1
bundt cake,1
poured,1
50 inch,1
shoe shine,1
post it note,1
ride wave,1
playboy bunny,1
gas station,1
seat belt,1
andesmar,1
rye,1
poach,1
speech,1
11 feet,1
minivan,1
cowhide,1
aquafina,1
green giant,1
huntington beach,1
mother and child,1
snapshot,1
shoemaker,1
high school musical,1
equus,1
pc gamer,1
wardrobe,1
aries,1
scratch post,1
2 dollars,1
eat it,1
endangered,1
netherlands,1
aspca,1
st louis,1
fragile,1
hardware,1
joy,1
ihop,1
talk on cell phone,1
open market,1
crop duster,1
mlb,1
pope,1
rasberries,1
domino,1
it ear,1
30 minutes,1
rocker,1
barry bond,1
sword,1
mile,1
delhi,1
seafood,1
120v,1
heinz,1
wrap paper,1
zigzag,1
jet bridge,1
horn,1
reese witherspoon,1
5 liters,1
tarmac,1
french toast,1
mattress,1
physic,1
air canada,1
red yellow green,1
what they paid,1
columbus,1
enthusiastic,1
kinetic,1
unhygienic,1
diurnal,1
fry it,1
3 years,1
50 gallons,1
frederick graff,1
palmolive,1
ambulance,1
ty,1
confer,1
skydive,1
radio,1
bridle,1
klm,1
12:24,1
yankee stadium,1
spire,1
bic,1
calories,1
hang out,1
construction site,1
irma s rombauer,1
relaxation,1
irish,1
hornbill,1
tractor trailer,1
cross stitch,1
driftwood,1
prevent bite,1
crib,1
500 lbs,1
double decker bus,1
5 pounds,1
monster truck rally,1
day time,1
salsa,1
40 years,1
fire service,1
straw,1
men club,1
dock boat,1
1:15,1
pilsner,1
1938,1
gimp,1
normal,1
get married,1
appaloosa,1
hallway,1
crowd,1
duckling,1
sauerkraut,1
mustard and ketchup,1
1.5,1
submarine,1
bodyboarding,1
puzzle,1
no 1 is there,1
collect trash,1
slalom,1
preppy,1
space needle,1
oriole,1
volkswagon,1
mcintosh,1
snowman,1
coffee cup,1
he is reckless,1
at and t,1
look both way,1
energy,1
ridge,1
alaskan,1
plaque,1
direct traffic,1
make call,1
1886,1
prison,1
chalk,1
toucan,1
brooklyn,1
slide door,1
board ship,1
kahuna,1
bloodhound,1
bug bunny,1
weld,1
bowlng,1
hairless,1
dupont,1
doc,1
flame,1
cuba,1
1 month,1
1 pound,1
turboprop,1
hilly,1
bmx,1
tennis player,1
raincoat,1
military base,1
to fly,1
4 months,1
waiter,1
20 mph,1
scotland,1
young,1
macaroni and cheese,1
illumination,1
aircraft carrier,1
white house,1
5 million,1
player,1
top,1
$40,1
braid,1
rossignol,1
100 yards,1
painted,1
pansy,1
petsmart,1
tantor,1
300 mph,1
hardware store,1
empty,1
macbook pro,1
horseback rider,1
baloo,1
dead,1
terrorism,1
low light aperture,1
tofu,1
udder,1
cider,1
crochet,1
samuel groth,1
brass,1
meter,1
65 years,1
broadway,1
middle,1
fairytale,1
iced tea,1
skype,1
mechanical,1
brie,1
curve ball,1
scratch,1
scrapbook,1
hydrangea,1
dragon,1
hear,1
5:37,1
burmese,1
skillet,1
sunlight,1
stop traffic,1
numerical number,1
green pepper,1
sniff,1
marker,1
basket,1
mary,1
elephant trainer,1
grey,1
power,1
not organized,1
waffle,1
lassie,1
10 gallons,1
ball boy,1
keep dry,1
id tag,1
vinyl,1
motor boat,1
ad,1
mechanic,1
0 mph,1
talk on phone,1
8 oz,1
no entry,1
200 years,1
city bus,1
acne,1
webbed,1
methane,1
jumped,1
15 to 18 months,1
v8,1
architect,1
trail,1
tigger,1
animal cross,1
ranch dress,1
butt,1
2000 pounds,1
store bought,1
flower shop,1
state college pa,1
birthday cake,1
ashley,1
staple,1
oregon,1
titanic,1
bronze,1
luxury,1
pet zoo,1
footlong,1
shell,1
exhaust,1
if they run with them,1
castiglione,1
phillie phanatic,1
goof off,1
pop out,1
rei,1
maid,1
fleece,1
22,1
hood,1
charcoal,1
wet hair,1
cut cake,1
chinatown,1
mix it,1
pack,1
stunt kite,1
motorcycle tour,1
200 feet,1
calendar,1
daytime,1
road bike,1
tiffany,1
core,1
walnut,1
gate,1
plasma,1
fender,1
nativity,1
lance armstrong,1
ice fish,1
baltic,1
1924,1
320 km h,1
degreaser,1
5 mph,1
under wave,1
fox,1
ufo,1
dublin,1
football stadium,1
christianity,1
2 months,1
kite day,1
zimbabwe,1
pizzeria,1
360,1
donkey,1
mural,1
on street,1
head scarf,1
john kemp starley,1
amatuer,1
boil water,1
1989,1
braclet,1
3000 miles,1
